,0
0,A
1,AA
2,AACQ
3,AAL
4,AAN
5,AAOI
6,AAON
7,AAP
8,AAPL
9,AAWW
10,AB
11,ABB
12,ABBV
13,ABC
14,ABCB
15,ABCL
16,ABCM
17,ABEO
18,ABEV
19,ABG
20,ABM
21,ABMD
22,ABNB
23,ABT
24,ABUS
25,ACA
26,ACAC
27,ACAD
28,ACB
29,ACCD
30,ACCO
31,ACEL
32,ACEV
33,ACGL
34,ACH
35,ACHC
36,ACI
37,ACIC
38,ACIU
39,ACIW
40,ACLS
41,ACM
42,ACMR
43,ACN
44,ACND
45,ACRS
46,ACTC
47,ACTG
48,ADAP
49,ADBE
50,ADCT
51,ADI
52,ADM
53,ADMA
54,ADMS
55,ADN
56,ADNT
57,ADP
58,ADPT
59,ADS
60,ADSK
61,ADT
62,ADTN
63,ADV
64,ADVM
65,AEE
66,AEG
67,AEIS
68,AEL
69,AEM
70,AENZ
71,AEO
72,AEP
73,AER
74,AERI
75,AES
76,AEVA
77,AFG
78,AFIB
79,AFL
80,AFMD
81,AFRM
82,AFYA
83,AG
84,AGC
85,AGCO
86,AGEN
87,AGI
88,AGIO
89,AGLE
90,AGO
91,AGR
92,AGRO
93,AGS
94,AGYS
95,AHCO
96,AI
97,AIG
98,AIH
99,AIMC
100,AIN
101,AIR
102,AIT
103,AIZ
104,AJAX
105,AJG
106,AJRD
107,AKAM
108,AKBA
109,AKRO
110,AKTS
111,AKUS
112,AL
113,ALB
114,ALBO
115,ALC
116,ALDX
117,ALE
118,ALEC
119,ALGM
120,ALGN
121,ALGT
122,ALK
123,ALKS
124,ALL
125,ALLE
126,ALLK
127,ALLO
128,ALLT
129,ALLY
130,ALNY
131,ALPN
132,ALRM
133,ALSK
134,ALSN
135,ALT
136,ALTO
137,ALTR
138,ALUS
139,ALV
140,ALVR
141,ALXN
142,ALXO
143,AM
144,AMAT
145,AMBA
146,AMBC
147,AMC
148,AMCR
149,AMCX
150,AMD
151,AME
152,AMED
153,AMG
154,AMGN
155,AMKR
156,AMN
157,AMP
158,AMPE
159,AMPH
160,AMR
161,AMRC
162,AMRK
163,AMRN
164,AMRS
165,AMRX
166,AMSC
167,AMTI
168,AMTX
169,AMWL
170,AMX
171,AMZN
172,AN
173,ANAB
174,ANDE
175,ANET
176,ANF
177,ANGI
178,ANGO
179,ANNX
180,ANSS
181,ANTM
182,ANVS
183,AON
184,AONE
185,AOS
186,AOSL
187,AOUT
188,APA
189,APAM
190,APD
191,APEI
192,APEN
193,APG
194,APH
195,API
196,APLS
197,APO
198,APOG
199,APPF
200,APPH
201,APPN
202,APPS
203,APTO
204,APTV
205,APXT
206,AQB
207,AQMS
208,AQN
209,AQUA
210,AR
211,ARAY
212,ARCB
213,ARCE
214,ARCH
215,ARCO
216,ARCT
217,ARDX
218,ARES
219,ARGO
220,ARGX
221,ARKO
222,ARLO
223,ARLP
224,ARMK
225,ARNA
226,ARNC
227,AROC
228,ARQT
229,ARRY
230,ARVL
231,ARVN
232,ARW
233,ARWR
234,ARYA
235,ASAN
236,ASB
237,ASGN
238,ASH
239,ASIX
240,ASLN
241,ASML
242,ASND
243,ASO
244,ASPL
245,ASPN
246,ASTE
247,ASTS
248,ASX
249,ASXC
250,ATAX
251,ATCO
252,ATEC
253,ATEN
254,ATER
255,ATGE
256,ATH
257,ATHA
258,ATHM
259,ATHX
260,ATI
261,ATKR
262,ATNX
263,ATO
264,ATOM
265,ATOS
266,ATR
267,ATRA
268,ATRC
269,ATRO
270,ATRS
271,ATSG
272,ATUS
273,ATVI
274,AU
275,AUB
276,AUD
277,AUDC
278,AUPH
279,AUTL
280,AUY
281,AVA
282,AVAV
283,AVDL
284,AVEO
285,AVGO
286,AVID
287,AVIR
288,AVLR
289,AVNS
290,AVNT
291,AVNW
292,AVO
293,AVRO
294,AVT
295,AVTR
296,AVXL
297,AVY
298,AVYA
299,AWH
300,AWI
301,AWK
302,AWR
303,AX
304,AXDX
305,AXGN
306,AXL
307,AXNX
308,AXON
309,AXP
310,AXS
311,AXSM
312,AXTA
313,AXTI
314,AXU
315,AY
316,AYI
317,AYRO
318,AYX
319,AZEK
320,AZN
321,AZO
322,AZPN
323,AZRE
324,AZUL
325,AZZ
326,B
327,BA
328,BABA
329,BAC
330,BAH
331,BAK
332,BALY
333,BAM
334,BANC
335,BAND
336,BANR
337,BAP
338,BAX
339,BB
340,BBAR
341,BBBY
342,BBCP
343,BBD
344,BBDC
345,BBIO
346,BBL
347,BBVA
348,BBW
349,BBY
350,BC
351,BCC
352,BCE
353,BCEI
354,BCEL
355,BCH
356,BCO
357,BCOR
358,BCOV
359,BCPC
360,BCRX
361,BCS
362,BCSF
363,BDC
364,BDSI
365,BDTX
366,BDX
367,BE
368,BEAM
369,BECN
370,BEEM
371,BEKE
372,BEN
373,BEP
374,BEPC
375,BERY
376,BEST
377,BF.B
378,BFAM
379,BFI
380,BFLY
381,BG
382,BGCP
383,BGFV
384,BGNE
385,BGS
386,BHC
387,BHE
388,BHF
389,BHLB
390,BHP
391,BHVN
392,BIDU
393,BIG
394,BIGC
395,BIIB
396,BILI
397,BILL
398,BIO
399,BIP
400,BIPC
401,BJ
402,BJRI
403,BK
404,BKCC
405,BKD
406,BKE
407,BKH
408,BKI
409,BKNG
410,BKR
411,BKU
412,BL
413,BLBD
414,BLCT
415,BLD
416,BLDE
417,BLDP
418,BLDR
419,BLFS
420,BLI
421,BLK
422,BLKB
423,BLL
424,BLMN
425,BLNK
426,BLU
427,BLUE
428,BMA
429,BMI
430,BMO
431,BMRN
432,BMY
433,BNED
434,BNFT
435,BNGO
436,BNR
437,BNS
438,BNTX
439,BOH
440,BOKF
441,BOMN
442,BOOM
443,BOOT
444,BORR
445,BOWX
446,BOX
447,BP
448,BPFH
449,BPMC
450,BPMP
451,BPOP
452,BPY
453,BQ
454,BR
455,BRBR
456,BRC
457,BRFS
458,BRK.B
459,BRKL
460,BRKR
461,BRKS
462,BRO
463,BRP
464,BRY
465,BSAC
466,BSBR
467,BSIG
468,BSM
469,BSMX
470,BSPE
471,BSTZ
472,BSX
473,BSY
474,BTAI
475,BTAQ
476,BTBT
477,BTCM
478,BTG
479,BTI
480,BTNB
481,BTRS
482,BTU
483,BTWN
484,BTX
485,BUD
486,BURL
487,BUSE
488,BV
489,BVN
490,BW
491,BWA
492,BWXT
493,BX
494,BXC
495,BXS
496,BYD
497,BYND
498,BYSI
499,BZH
500,BZUN
501,C
502,CAAP
503,CACI
504,CADE
505,CAE
506,CAG
507,CAH
508,CAI
509,CAJ
510,CAKE
511,CAL
512,CALM
513,CALX
514,CAMP
515,CAMT
516,CAN
517,CANG
518,CAP
519,CAR
520,CARA
521,CARG
522,CARR
523,CARS
524,CASA
525,CASH
526,CASI
527,CASY
528,CAT
529,CATM
530,CATO
531,CATY
532,CB
533,CBAT
534,CBAY
535,CBB
536,CBD
537,CBOE
538,CBRE
539,CBRL
540,CBSH
541,CBT
542,CBU
543,CBZ
544,CC
545,CCAC
546,CCCC
547,CCEP
548,CCIV
549,CCJ
550,CCK
551,CCL
552,CCMP
553,CCO
554,CCOI
555,CCRN
556,CCS
557,CCU
558,CCX
559,CCXI
560,CD
561,CDAK
562,CDAY
563,CDE
564,CDEV
565,CDK
566,CDLX
567,CDMO
568,CDNA
569,CDNS
570,CDW
571,CDXC
572,CDXS
573,CDZI
574,CE
575,CEIX
576,CELH
577,CENTA
578,CENX
579,CEPU
580,CEQP
581,CERC
582,CERE
583,CERN
584,CERS
585,CERT
586,CEVA
587,CF
588,CFAC
589,CFFN
590,CFG
591,CFR
592,CFX
593,CG
594,CGBD
595,CGC
596,CGEM
597,CGEN
598,CGNX
599,CHD
600,CHDN
601,CHEF
602,CHGG
603,CHH
604,CHKP
605,CHMA
606,CHNG
607,CHPT
608,CHRA
609,CHRS
610,CHRW
611,CHS
612,CHTR
613,CHUY
614,CHWY
615,CHX
616,CI
617,CIA
618,CIB
619,CIDM
620,CIEN
621,CIG
622,CINF
623,CIT
624,CKPT
625,CL
626,CLAR
627,CLB
628,CLBK
629,CLDR
630,CLDX
631,CLF
632,CLGX
633,CLH
634,CLII
635,CLLS
636,CLMT
637,CLNE
638,CLNN
639,CLOV
640,CLPT
641,CLR
642,CLS
643,CLSK
644,CLVR
645,CLVS
646,CLVT
647,CLW
648,CLX
649,CM
650,CMA
651,CMBM
652,CMC
653,CMCM
654,CMCO
655,CMCSA
656,CMD
657,CME
658,CMG
659,CMI
660,CMLF
661,CMP
662,CMPS
663,CMRE
664,CMRX
665,CMS
666,CMTL
667,CNA
668,CNC
669,CNDT
670,CNHI
671,CNI
672,CNK
673,CNMD
674,CNNE
675,CNO
676,CNOB
677,CNP
678,CNQ
679,CNR
680,CNSL
681,CNST
682,CNTY
683,CNX
684,CNXC
685,CO
686,CODI
687,CODX
688,COF
689,COG
690,COGT
691,COHR
692,COHU
693,COLB
694,COLL
695,COLM
696,COMM
697,CONN
698,CONX
699,COO
700,COOP
701,COP
702,CORE
703,CORT
704,COST
705,COTY
706,COUP
707,COWN
708,CP
709,CPA
710,CPB
711,CPE
712,CPF
713,CPG
714,CPRI
715,CPRT
716,CPRX
717,CQP
718,CR
719,CRBP
720,CRC
721,CRDF
722,CREE
723,CRESY
724,CRH
725,CRHC
726,CRI
727,CRIS
728,CRK
729,CRL
730,CRM
731,CRMD
732,CRNC
733,CRNT
734,CRON
735,CROX
736,CRS
737,CRSA
738,CRSP
739,CRSR
740,CRTO
741,CRTX
742,CRUS
743,CRWD
744,CRY
745,CS
746,CSCO
747,CSGP
748,CSGS
749,CSII
750,CSIQ
751,CSL
752,CSLT
753,CSOD
754,CSPR
755,CSTE
756,CSTL
757,CSTM
758,CSWC
759,CSX
760,CTAS
761,CTB
762,CTIC
763,CTLP
764,CTLT
765,CTMX
766,CTOS
767,CTRM
768,CTRN
769,CTS
770,CTSH
771,CTSO
772,CTVA
773,CTXR
774,CTXS
775,CUB
776,CUBI
777,CUE
778,CUK
779,CURI
780,CURO
781,CUTR
782,CVA
783,CVAC
784,CVBF
785,CVE
786,CVET
787,CVGI
788,CVI
789,CVLT
790,CVM
791,CVNA
792,CVS
793,CVX
794,CW
795,CWEN
796,CWEN.A
797,CWH
798,CWK
799,CWST
800,CWT
801,CX
802,CYBR
803,CYH
804,CYRX
805,CYTK
806,CZR
807,D
808,DAC
809,DADA
810,DAKT
811,DAL
812,DAN
813,DAO
814,DAR
815,DASH
816,DAVA
817,DB
818,DBD
819,DBDR
820,DBI
821,DBX
822,DCI
823,DCOM
824,DCP
825,DCPH
826,DCRB
827,DCT
828,DD
829,DDD
830,DDOG
831,DDS
832,DE
833,DECK
834,DEH
835,DELL
836,DEN
837,DENN
838,DEO
839,DESP
840,DFH
841,DFIN
842,DFS
843,DG
844,DGII
845,DGNR
846,DGNS
847,DGX
848,DHI
849,DHR
850,DHT
851,DIN
852,DIOD
853,DIS
854,DISCA
855,DISCK
856,DISH
857,DK
858,DKNG
859,DKS
860,DLB
861,DLTH
862,DLTR
863,DLX
864,DM
865,DMTK
866,DMYI
867,DNB
868,DNLI
869,DNMR
870,DNN
871,DNOW
872,DOCU
873,DOMO
874,DOOR
875,DOV
876,DOW
877,DOX
878,DOYU
879,DPZ
880,DQ
881,DRD
882,DRI
883,DRIO
884,DRNA
885,DRQ
886,DRRX
887,DRVN
888,DS
889,DSKE
890,DSPG
891,DSSI
892,DSX
893,DT
894,DTE
895,DTIL
896,DUK
897,DUO
898,DVA
899,DVAX
900,DVN
901,DXC
902,DXCM
903,DY
904,DYN
905,E
906,EA
907,EAF
908,EAR
909,EAT
910,EB
911,EBAY
912,EBC
913,EBIX
914,EBON
915,EBR
916,EBS
917,EBSB
918,EC
919,ECHO
920,ECL
921,ECOL
922,ECOM
923,ECPG
924,ED
925,EDAP
926,EDIT
927,EDU
928,EEFT
929,EEX
930,EFSC
931,EFX
932,EGAN
933,EGBN
934,EGHT
935,EGLE
936,EGLX
937,EGO
938,EH
939,EHC
940,EHTH
941,EIG
942,EIGR
943,EIX
944,EL
945,ELAN
946,ELF
947,ELP
948,ELY
949,EMAN
950,EME
951,EMKR
952,EMN
953,EMPW
954,EMR
955,EMX
956,ENB
957,ENBL
958,ENDP
959,ENIA
960,ENIC
961,ENLC
962,ENPH
963,ENR
964,ENS
965,ENSG
966,ENTA
967,ENTG
968,ENV
969,ENVA
970,EOG
971,EOLS
972,EOSE
973,EPAC
974,EPAM
975,EPAY
976,EPC
977,EPD
978,EPIX
979,EPZM
980,EQH
981,EQNR
982,EQOS
983,EQT
984,EQX
985,ERF
986,ERIC
987,ERII
988,ERJ
989,ES
990,ESE
991,ESGC
992,ESI
993,ESNT
994,ESPR
995,ESTA
996,ESTC
997,ESTE
998,ESXB
999,ET
1000,ETAC
1001,ETH
1002,ETN
1003,ETR
1004,ETRN
1005,ETSY
1006,ETWO
1007,EURN
1008,EVBG
1009,EVC
1010,EVER
1011,EVH
1012,EVLO
1013,EVOP
1014,EVR
1015,EVRG
1016,EVRI
1017,EVTC
1018,EW
1019,EWBC
1020,EXAS
1021,EXC
1022,EXEL
1023,EXK
1024,EXLS
1025,EXP
1026,EXPD
1027,EXPE
1028,EXPI
1029,EXPO
1030,EXPR
1031,EXTR
1032,EYE
1033,EZPW
1034,F
1035,FAF
1036,FAII
1037,FANG
1038,FARM
1039,FAST
1040,FATE
1041,FB
1042,FBC
1043,FBHS
1044,FBIO
1045,FBK
1046,FBP
1047,FBRX
1048,FCAC
1049,FCEL
1050,FCF
1051,FCFS
1052,FCN
1053,FCX
1054,FDMT
1055,FDP
1056,FDS
1057,FDX
1058,FE
1059,FELE
1060,FENC
1061,FEYE
1062,FF
1063,FFBC
1064,FFIN
1065,FFIV
1066,FFWM
1067,FGEN
1068,FGNA
1069,FHB
1070,FHI
1071,FHN
1072,FI
1073,FIBK
1074,FICO
1075,FIII
1076,FINV
1077,FIS
1078,FISV
1079,FITB
1080,FIVE
1081,FIVN
1082,FIX
1083,FIXX
1084,FIZZ
1085,FL
1086,FLDM
1087,FLEX
1088,FLGT
1089,FLL
1090,FLMN
1091,FLNT
1092,FLO
1093,FLOW
1094,FLR
1095,FLS
1096,FLT
1097,FLWS
1098,FLXN
1099,FLY
1100,FMAC
1101,FMBI
1102,FMC
1103,FMS
1104,FMTX
1105,FMX
1106,FN
1107,FNB
1108,FND
1109,FNF
1110,FNKO
1111,FNV
1112,FOA
1113,FOCS
1114,FOE
1115,FOLD
1116,FORM
1117,FOSL
1118,FOUR
1119,FOX
1120,FOXA
1121,FOXF
1122,FPAC
1123,FPH
1124,FRBK
1125,FRC
1126,FREE
1127,FREQ
1128,FRG
1129,FRHC
1130,FRME
1131,FRO
1132,FROG
1133,FRPT
1134,FRSX
1135,FRTA
1136,FRX
1137,FSK
1138,FSKR
1139,FSLR
1140,FSLY
1141,FSM
1142,FSR
1143,FSRV
1144,FSS
1145,FTAI
1146,FTCH
1147,FTCV
1148,FTDR
1149,FTFT
1150,FTI
1151,FTNT
1152,FTOC
1153,FTS
1154,FTV
1155,FUBO
1156,FUL
1157,FULT
1158,FUN
1159,FUSE
1160,FUTU
1161,FUV
1162,FVRR
1163,FWONK
1164,FWRD
1165,G
1166,GAIA
1167,GAIN
1168,GALT
1169,GAN
1170,GATO
1171,GATX
1172,GAU
1173,GBCI
1174,GBDC
1175,GBIO
1176,GBOX
1177,GBT
1178,GBX
1179,GCI
1180,GCMG
1181,GCO
1182,GCP
1183,GD
1184,GDDY
1185,GDEN
1186,GDOT
1187,GDRX
1188,GDS
1189,GDYN
1190,GE
1191,GEF
1192,GEL
1193,GENI
1194,GERN
1195,GES
1196,GEVO
1197,GFF
1198,GFI
1199,GFL
1200,GGAL
1201,GGB
1202,GGG
1203,GH
1204,GHL
1205,GIB
1206,GIII
1207,GIL
1208,GILD
1209,GILT
1210,GIS
1211,GIX
1212,GKOS
1213,GL
1214,GLAD
1215,GLDD
1216,GLDG
1217,GLNG
1218,GLOB
1219,GLOG
1220,GLOP
1221,GLP
1222,GLPG
1223,GLRE
1224,GLSI
1225,GLT
1226,GLW
1227,GM
1228,GMAB
1229,GMBL
1230,GMDA
1231,GME
1232,GMED
1233,GMS
1234,GMTX
1235,GNK
1236,GNLN
1237,GNOG
1238,GNPK
1239,GNRC
1240,GNSS
1241,GNTX
1242,GNUS
1243,GNW
1244,GO
1245,GOAC
1246,GOCO
1247,GOED
1248,GOEV
1249,GOGL
1250,GOGO
1251,GOL
1252,GOLD
1253,GOLF
1254,GOOG
1255,GOOGL
1256,GOOS
1257,GORO
1258,GOSS
1259,GOTU
1260,GP
1261,GPC
1262,GPI
1263,GPK
1264,GPL
1265,GPN
1266,GPRE
1267,GPRO
1268,GPS
1269,GRA
1270,GRBK
1271,GRCL
1272,GRFS
1273,GRMN
1274,GRPN
1275,GRSV
1276,GRTS
1277,GRTX
1278,GRUB
1279,GRWG
1280,GS
1281,GSAH
1282,GSAT
1283,GSBD
1284,GSHD
1285,GSK
1286,GSKY
1287,GSL
1288,GSM
1289,GSMG
1290,GSS
1291,GSV
1292,GT
1293,GTBP
1294,GTE
1295,GTES
1296,GTH
1297,GTHX
1298,GTLS
1299,GTN
1300,GTX
1301,GTYH
1302,GVA
1303,GWB
1304,GWRE
1305,GWW
1306,GXGX
1307,H
1308,HA
1309,HAAC
1310,HAE
1311,HAFC
1312,HAIN
1313,HAL
1314,HALO
1315,HARP
1316,HAS
1317,HBAN
1318,HBI
1319,HBIO
1320,HBM
1321,HCA
1322,HCAT
1323,HCC
1324,HCHC
1325,HCKT
1326,HCM
1327,HCSG
1328,HD
1329,HDB
1330,HE
1331,HEAR
1332,HEC
1333,HEES
1334,HEI
1335,HEI.A
1336,HELE
1337,HEP
1338,HES
1339,HESM
1340,HEXO
1341,HFC
1342,HFFG
1343,HGEN
1344,HGV
1345,HHC
1346,HHR
1347,HI
1348,HIBB
1349,HIG
1350,HII
1351,HIMS
1352,HIMX
1353,HL
1354,HLF
1355,HLI
1356,HLIT
1357,HLNE
1358,HLT
1359,HLX
1360,HMC
1361,HMHC
1362,HMN
1363,HMST
1364,HMY
1365,HNGR
1366,HNI
1367,HOFV
1368,HOG
1369,HOL
1370,HOLI
1371,HOLX
1372,HOMB
1373,HOME
1374,HON
1375,HONE
1376,HOOK
1377,HOPE
1378,HP
1379,HPE
1380,HPQ
1381,HQY
1382,HRB
1383,HRC
1384,HRI
1385,HRL
1386,HRMY
1387,HROW
1388,HRTG
1389,HRTX
1390,HRZN
1391,HSBC
1392,HSC
1393,HSIC
1394,HSII
1395,HSY
1396,HTBK
1397,HTGC
1398,HTH
1399,HTHT
1400,HTLD
1401,HTLF
1402,HUBB
1403,HUBG
1404,HUBS
1405,HUIZ
1406,HUM
1407,HUN
1408,HURN
1409,HUYA
1410,HVT
1411,HWC
1412,HWM
1413,HXL
1414,HYFM
1415,HYLN
1416,HYMC
1417,HYRE
1418,HZAC
1419,HZNP
1420,HZO
1421,HZON
1422,IAA
1423,IAC
1424,IACA
1425,IAG
1426,IART
1427,IAU
1428,IBIO
1429,IBKR
1430,IBM
1431,IBN
1432,IBOC
1433,IBP
1434,IBRX
1435,IBTX
1436,ICE
1437,ICHR
1438,ICL
1439,ICLK
1440,ICLR
1441,ICPT
1442,ICUI
1443,IDA
1444,IDCC
1445,IDEX
1446,IDT
1447,IDXX
1448,IEA
1449,IEP
1450,IEX
1451,IFF
1452,IGAC
1453,IGMS
1454,IGT
1455,IHRT
1456,III
1457,IIIV
1458,IIVI
1459,ILMN
1460,IMAB
1461,IMAX
1462,IMGN
1463,IMMP
1464,IMMR
1465,IMNM
1466,IMO
1467,IMTX
1468,IMVT
1469,IMXI
1470,INBX
1471,INCY
1472,INDB
1473,INFI
1474,INFN
1475,INFO
1476,INFY
1477,ING
1478,INGN
1479,INGR
1480,INMB
1481,INMD
1482,INO
1483,INOV
1484,INSE
1485,INSG
1486,INSM
1487,INSP
1488,INSW
1489,INT
1490,INTC
1491,INTU
1492,INTZ
1493,INVA
1494,INVE
1495,INVZ
1496,IONS
1497,IOVA
1498,IP
1499,IPG
1500,IPGP
1501,IPI
1502,IPOD
1503,IPOF
1504,IQ
1505,IQV
1506,IR
1507,IRBT
1508,IRDM
1509,IRTC
1510,IRWD
1511,ISBC
1512,ISEE
1513,ISRG
1514,IT
1515,ITCI
1516,ITGR
1517,ITI
1518,ITOS
1519,ITRI
1520,ITRM
1521,ITT
1522,ITUB
1523,ITW
1524,IVC
1525,IVZ
1526,IZEA
1527,J
1528,JACK
1529,JAGX
1530,JAMF
1531,JAZZ
1532,JBHT
1533,JBL
1534,JBLU
1535,JBT
1536,JCI
1537,JCOM
1538,JD
1539,JEF
1540,JELD
1541,JFIN
1542,JFU
1543,JG
1544,JHG
1545,JIH
1546,JKHY
1547,JKS
1548,JLL
1549,JMIA
1550,JNCE
1551,JNJ
1552,JNPR
1553,JOBS
1554,JOE
1555,JPM
1556,JRVR
1557,JW.A
1558,JWN
1559,JWS
1560,JYNT
1561,K
1562,KALA
1563,KALU
1564,KALV
1565,KAMN
1566,KAR
1567,KB
1568,KBAL
1569,KBH
1570,KBR
1571,KC
1572,KDMN
1573,KDNY
1574,KDP
1575,KELYA
1576,KEP
1577,KEX
1578,KEY
1579,KEYS
1580,KFY
1581,KGC
1582,KHC
1583,KIN
1584,KIRK
1585,KKR
1586,KL
1587,KLAC
1588,KLDO
1589,KLIC
1590,KLR
1591,KMB
1592,KMI
1593,KMPH
1594,KMPR
1595,KMT
1596,KMX
1597,KN
1598,KNDI
1599,KNL
1600,KNOP
1601,KNSA
1602,KNTE
1603,KNX
1604,KO
1605,KOD
1606,KODK
1607,KOF
1608,KOPN
1609,KOR
1610,KOS
1611,KOSS
1612,KPTI
1613,KR
1614,KRA
1615,KRMD
1616,KRNT
1617,KRNY
1618,KRO
1619,KRON
1620,KRP
1621,KRTX
1622,KSMT
1623,KSS
1624,KSU
1625,KT
1626,KTB
1627,KTOS
1628,KURA
1629,KW
1630,KYMR
1631,KZR
1632,L
1633,LAC
1634,LAD
1635,LASR
1636,LAUR
1637,LAZ
1638,LAZR
1639,LAZY
1640,LB
1641,LBAI
1642,LBRDK
1643,LBRT
1644,LBTYA
1645,LBTYK
1646,LC
1647,LCI
1648,LCII
1649,LCTX
1650,LCY
1651,LDOS
1652,LE
1653,LEA
1654,LEAF
1655,LECO
1656,LEG
1657,LEGN
1658,LEN
1659,LESL
1660,LEV
1661,LEVI
1662,LFC
1663,LFMD
1664,LGF.A
1665,LGF.B
1666,LGIH
1667,LGND
1668,LGO
1669,LH
1670,LHCG
1671,LHX
1672,LI
1673,LII
1674,LILA
1675,LILAK
1676,LIN
1677,LINC
1678,LIND
1679,LITB
1680,LITE
1681,LIVN
1682,LIVX
1683,LIZI
1684,LKCO
1685,LKQ
1686,LL
1687,LLNW
1688,LLY
1689,LMAT
1690,LMND
1691,LMNX
1692,LMT
1693,LNC
1694,LNDC
1695,LNG
1696,LNT
1697,LNTH
1698,LOB
1699,LOCO
1700,LOGI
1701,LOKB
1702,LOMA
1703,LOOP
1704,LOPE
1705,LOTZ
1706,LOVE
1707,LOW
1708,LPG
1709,LPI
1710,LPL
1711,LPLA
1712,LPRO
1713,LPSN
1714,LPX
1715,LQDT
1716,LRCX
1717,LRN
1718,LSCC
1719,LSPD
1720,LSTR
1721,LSXMA
1722,LSXMK
1723,LTHM
1724,LTRPA
1725,LU
1726,LULU
1727,LUMN
1728,LUNA
1729,LUNG
1730,LUV
1731,LVS
1732,LW
1733,LX
1734,LXRX
1735,LXU
1736,LYB
1737,LYFT
1738,LYG
1739,LYTS
1740,LYV
1741,LZB
1742,M
1743,MA
1744,MAAC
1745,MAG
1746,MAIN
1747,MAN
1748,MANH
1749,MANT
1750,MANU
1751,MAR
1752,MARA
1753,MAS
1754,MASI
1755,MASS
1756,MAT
1757,MATW
1758,MATX
1759,MAX
1760,MAXN
1761,MAXR
1762,MBI
1763,MBII
1764,MBIO
1765,MBT
1766,MBUU
1767,MC
1768,MCD
1769,MCF
1770,MCFE
1771,MCFT
1772,MCHP
1773,MCK
1774,MCO
1775,MCRB
1776,MCS
1777,MCY
1778,MD
1779,MDB
1780,MDC
1781,MDCA
1782,MDGL
1783,MDLA
1784,MDLZ
1785,MDNA
1786,MDP
1787,MDRX
1788,MDT
1789,MDU
1790,MDXG
1791,MED
1792,MEDP
1793,MEG
1794,MEI
1795,MEIP
1796,MELI
1797,MEOH
1798,MERC
1799,MESA
1800,MESO
1801,MET
1802,MFC
1803,MFG
1804,MFGP
1805,MGA
1806,MGI
1807,MGLN
1808,MGM
1809,MGNI
1810,MGNX
1811,MGPI
1812,MGTA
1813,MGY
1814,MHK
1815,MHLD
1816,MHO
1817,MIC
1818,MICT
1819,MIDD
1820,MILE
1821,MIME
1822,MITK
1823,MKC
1824,MKSI
1825,MKTX
1826,MLCO
1827,MLHR
1828,MLI
1829,MLM
1830,MMC
1831,MMI
1832,MMM
1833,MMP
1834,MMS
1835,MMSI
1836,MMX
1837,MMYT
1838,MNKD
1839,MNOV
1840,MNRL
1841,MNRO
1842,MNSO
1843,MNST
1844,MO
1845,MOD
1846,MODN
1847,MOGO
1848,MOGU
1849,MOH
1850,MOMO
1851,MORF
1852,MORN
1853,MOS
1854,MOV
1855,MOXC
1856,MP
1857,MPC
1858,MPLN
1859,MPLX
1860,MPWR
1861,MRC
1862,MRCY
1863,MREO
1864,MRK
1865,MRKR
1866,MRNA
1867,MRNS
1868,MRO
1869,MRSN
1870,MRTN
1871,MRTX
1872,MRUS
1873,MRVI
1874,MRVL
1875,MS
1876,MSA
1877,MSCI
1878,MSFT
1879,MSGE
1880,MSGN
1881,MSGS
1882,MSI
1883,MSM
1884,MSP
1885,MSTR
1886,MT
1887,MTA
1888,MTB
1889,MTCH
1890,MTDR
1891,MTEM
1892,MTG
1893,MTH
1894,MTL
1895,MTL/P
1896,MTLS
1897,MTN
1898,MTOR
1899,MTRN
1900,MTRX
1901,MTSI
1902,MTW
1903,MTX
1904,MTZ
1905,MU
1906,MUDS
1907,MUFG
1908,MUR
1909,MUSA
1910,MUX
1911,MVIS
1912,MWA
1913,MX
1914,MXIM
1915,MXL
1916,MYGN
1917,MYOV
1918,MYRG
1919,MYTE
1920,NAK
1921,NAKD
1922,NARI
1923,NAT
1924,NATI
1925,NAV
1926,NAVI
1927,NBEV
1928,NBHC
1929,NBIX
1930,NBR
1931,NBTB
1932,NCLH
1933,NCMI
1934,NCNO
1935,NCR
1936,NDAQ
1937,NDLS
1938,NDSN
1939,NEE
1940,NEM
1941,NEO
1942,NEOG
1943,NEP
1944,NEPT
1945,NESR
1946,NET
1947,NEWR
1948,NEWT
1949,NEX
1950,NEXA
1951,NEXT
1952,NFBK
1953,NFE
1954,NFG
1955,NFH
1956,NFLX
1957,NG
1958,NGAC
1959,NGD
1960,NGG
1961,NGL
1962,NGM
1963,NGMS
1964,NGVC
1965,NGVT
1966,NH
1967,NI
1968,NICE
1969,NIO
1970,NIU
1971,NJR
1972,NKE
1973,NKLA
1974,NKTR
1975,NKTX
1976,NLOK
1977,NLS
1978,NLSN
1979,NLTX
1980,NMIH
1981,NMM
1982,NMR
1983,NMRD
1984,NMRK
1985,NMTR
1986,NNBR
1987,NNDM
1988,NNOX
1989,NOAH
1990,NOC
1991,NOG
1992,NOK
1993,NOMD
1994,NOTV
1995,NOV
1996,NOVA
1997,NOW
1998,NPTN
1999,NR
2000,NRG
2001,NRIX
2002,NS
2003,NSC
2004,NSH
2005,NSIT
2006,NSP
2007,NSTG
2008,NTAP
2009,NTB
2010,NTCO
2011,NTCT
2012,NTES
2013,NTGR
2014,NTLA
2015,NTNX
2016,NTP
2017,NTR
2018,NTRA
2019,NTRS
2020,NTUS
2021,NUAN
2022,NUE
2023,NUS
2024,NUVA
2025,NUVB
2026,NVAX
2027,NVCR
2028,NVDA
2029,NVMI
2030,NVO
2031,NVRO
2032,NVS
2033,NVST
2034,NVT
2035,NVTA
2036,NVVE
2037,NWBI
2038,NWE
2039,NWG
2040,NWL
2041,NWN
2042,NWS
2043,NWSA
2044,NX
2045,NXE
2046,NXGN
2047,NXPI
2048,NXST
2049,NXTC
2050,NYCB
2051,NYT
2052,OAS
2053,OBSV
2054,OC
2055,OCFC
2056,OCFT
2057,OCGN
2058,OCSL
2059,OCUL
2060,OCX
2061,ODFL
2062,ODP
2063,OEC
2064,OEG
2065,OESX
2066,OFG
2067,OGE
2068,OGI
2069,OGS
2070,OI
2071,OIBR.C
2072,OII
2073,OIIM
2074,OIS
2075,OKE
2076,OKTA
2077,OLED
2078,OLLI
2079,OLMA
2080,OLN
2081,OM
2082,OMAB
2083,OMC
2084,OMCL
2085,OMER
2086,OMF
2087,OMI
2088,OMP
2089,ON
2090,ONB
2091,ONCR
2092,ONCT
2093,ONDS
2094,ONE
2095,ONEM
2096,ONTO
2097,OPCH
2098,OPEN
2099,OPK
2100,OPRA
2101,OPRX
2102,OR
2103,ORA
2104,ORAN
2105,ORBC
2106,ORCC
2107,ORCL
2108,ORGO
2109,ORI
2110,ORIC
2111,ORLA
2112,ORLY
2113,ORMP
2114,ORTX
2115,OSG
2116,OSH
2117,OSK
2118,OSMT
2119,OSPN
2120,OSTK
2121,OSUR
2122,OSW
2123,OTEX
2124,OTIS
2125,OTLK
2126,OTRK
2127,OUNZ
2128,OUST
2129,OVID
2130,OVV
2131,OWL
2132,OXY
2133,OZK
2134,OZON
2135,PAA
2136,PAAS
2137,PACB
2138,PACE
2139,PACK
2140,PACW
2141,PAE
2142,PAG
2143,PAGP
2144,PAGS
2145,PAHC
2146,PAM
2147,PANL
2148,PANW
2149,PAR
2150,PARR
2151,PASG
2152,PATK
2153,PAVM
2154,PAX
2155,PAYA
2156,PAYC
2157,PAYX
2158,PB
2159,PBA
2160,PBCT
2161,PBF
2162,PBFX
2163,PBH
2164,PBI
2165,PBR
2166,PBR.A
2167,PBYI
2168,PCAR
2169,PCG
2170,PCRX
2171,PCT
2172,PCTY
2173,PCVX
2174,PD
2175,PDAC
2176,PDCE
2177,PDCO
2178,PDD
2179,PDFS
2180,PDSB
2181,PEG
2182,PEGA
2183,PEN
2184,PENN
2185,PEP
2186,PERI
2187,PETQ
2188,PETS
2189,PFC
2190,PFE
2191,PFG
2192,PFGC
2193,PFLT
2194,PFMT
2195,PFPT
2196,PFS
2197,PFSI
2198,PG
2199,PGEN
2200,PGNY
2201,PGR
2202,PGTI
2203,PH
2204,PHAT
2205,PHG
2206,PHM
2207,PHR
2208,PI
2209,PII
2210,PINC
2211,PING
2212,PINS
2213,PIRS
2214,PJT
2215,PKG
2216,PKI
2217,PKX
2218,PLAB
2219,PLAN
2220,PLAY
2221,PLBY
2222,PLCE
2223,PLG
2224,PLL
2225,PLM
2226,PLMR
2227,PLNT
2228,PLTK
2229,PLTR
2230,PLUG
2231,PLXP
2232,PLXS
2233,PLYA
2234,PM
2235,PMVP
2236,PNC
2237,PNFP
2238,PNM
2239,PNNT
2240,PNR
2241,PNTG
2242,PNW
2243,PODD
2244,POLY
2245,POOL
2246,POR
2247,POSH
2248,POST
2249,POWI
2250,POWW
2251,PPBI
2252,PPC
2253,PPD
2254,PPG
2255,PPL
2256,PQG
2257,PRA
2258,PRAA
2259,PRAH
2260,PRAX
2261,PRCH
2262,PRDO
2263,PRFT
2264,PRG
2265,PRGO
2266,PRGS
2267,PRI
2268,PRIM
2269,PRLB
2270,PRLD
2271,PRMW
2272,PRO
2273,PRPB
2274,PRPL
2275,PRQR
2276,PRTA
2277,PRTK
2278,PRTS
2279,PRTY
2280,PRU
2281,PRVB
2282,PSAC
2283,PSEC
2284,PSFE
2285,PSN
2286,PSNL
2287,PSO
2288,PSTG
2289,PSTH
2290,PSTX
2291,PSX
2292,PSXP
2293,PTC
2294,PTCT
2295,PTEN
2296,PTGX
2297,PTMN
2298,PTON
2299,PTR
2300,PTVE
2301,PUBM
2302,PUK
2303,PUMP
2304,PVAC
2305,PVG
2306,PVH
2307,PWFL
2308,PWR
2309,PXD
2310,PXLW
2311,PYPL
2312,PYR
2313,PZZA
2314,QCOM
2315,QD
2316,QDEL
2317,QELL
2318,QFIN
2319,QGEN
2320,QIWI
2321,QLYS
2322,QMCO
2323,QNST
2324,QRTEA
2325,QRVO
2326,QS
2327,QSR
2328,QTNT
2329,QTRX
2330,QTT
2331,QTWO
2332,QUAD
2333,QUOT
2334,QURE
2335,R
2336,RACE
2337,RAD
2338,RADA
2339,RADI
2340,RAMP
2341,RAPT
2342,RARE
2343,RAVN
2344,RBA
2345,RBAC
2346,RBBN
2347,RBC
2348,RCEL
2349,RCI
2350,RCII
2351,RCKT
2352,RCL
2353,RCM
2354,RCON
2355,RCUS
2356,RDFN
2357,RDHL
2358,RDN
2359,RDNT
2360,RDS.A
2361,RDS.B
2362,RDUS
2363,RDWR
2364,RDY
2365,RE
2366,REAL
2367,REGI
2368,REGN
2369,REI
2370,REKR
2371,RELX
2372,RENN
2373,REPL
2374,RES
2375,RESN
2376,RETA
2377,REV
2378,REVG
2379,REYN
2380,REZI
2381,RF
2382,RFP
2383,RGA
2384,RGEN
2385,RGLD
2386,RGNX
2387,RGP
2388,RGR
2389,RGS
2390,RH
2391,RHI
2392,RICE
2393,RIDE
2394,RIG
2395,RIGL
2396,RILY
2397,RIO
2398,RIOT
2399,RJF
2400,RKT
2401,RL
2402,RLAY
2403,RLGT
2404,RLGY
2405,RLI
2406,RLX
2407,RMBS
2408,RMD
2409,RMNI
2410,RMO
2411,RNA
2412,RNG
2413,RNR
2414,RNST
2415,ROAD
2416,ROCK
2417,ROK
2418,ROKU
2419,ROL
2420,ROOT
2421,ROP
2422,ROST
2423,RPAY
2424,RPD
2425,RPM
2426,RPRX
2427,RPTX
2428,RRC
2429,RRD
2430,RRGB
2431,RRR
2432,RS
2433,RSG
2434,RSI
2435,RSVA
2436,RTLR
2437,RTP
2438,RTPZ
2439,RTX
2440,RUBY
2441,RUN
2442,RUSHA
2443,RUTH
2444,RVLV
2445,RVMD
2446,RVNC
2447,RVP
2448,RXN
2449,RXT
2450,RY
2451,RYAAY
2452,RYAM
2453,RYI
2454,RYTM
2455,SA
2456,SABR
2457,SAFM
2458,SAGE
2459,SAH
2460,SAIA
2461,SAIC
2462,SAIL
2463,SAM
2464,SAN
2465,SAND
2466,SANM
2467,SAP
2468,SASR
2469,SATS
2470,SAVA
2471,SAVE
2472,SB
2473,SBBP
2474,SBCF
2475,SBG
2476,SBGI
2477,SBH
2478,SBLK
2479,SBNY
2480,SBOW
2481,SBS
2482,SBSI
2483,SBSW
2484,SBTX
2485,SBUX
2486,SC
2487,SCCO
2488,SCHL
2489,SCHN
2490,SCHW
2491,SCI
2492,SCOR
2493,SCPE
2494,SCPL
2495,SCS
2496,SCU
2497,SCVL
2498,SD
2499,SDC
2500,SDGR
2501,SE
2502,SEAH
2503,SEAS
2504,SEDG
2505,SEE
2506,SEEL
2507,SEER
2508,SEIC
2509,SELB
2510,SEM
2511,SENS
2512,SESN
2513,SF
2514,SFBS
2515,SFIX
2516,SFL
2517,SFM
2518,SFNC
2519,SFT
2520,SFTW
2521,SGEN
2522,SGH
2523,SGMO
2524,SGMS
2525,SGRY
2526,SHAK
2527,SHC
2528,SHEN
2529,SHG
2530,SHLX
2531,SHOO
2532,SHOP
2533,SHW
2534,SHYF
2535,SI
2536,SIBN
2537,SID
2538,SIEN
2539,SIFY
2540,SIG
2541,SIGA
2542,SIGI
2543,SILK
2544,SILV
2545,SIMO
2546,SIRI
2547,SITE
2548,SITM
2549,SIVB
2550,SIX
2551,SJI
2552,SJM
2553,SJR
2554,SKIN
2555,SKLZ
2556,SKM
2557,SKX
2558,SKY
2559,SKYW
2560,SLAB
2561,SLB
2562,SLCA
2563,SLDB
2564,SLF
2565,SLGN
2566,SLM
2567,SLP
2568,SLQT
2569,SM
2570,SMAR
2571,SMCI
2572,SMED
2573,SMFG
2574,SMG
2575,SMMT
2576,SMP
2577,SMPL
2578,SMSI
2579,SMTC
2580,SMTS
2581,SNA
2582,SNAP
2583,SNBR
2584,SNDL
2585,SNDR
2586,SNDX
2587,SNN
2588,SNOW
2589,SNPR
2590,SNPS
2591,SNV
2592,SNX
2593,SNY
2594,SO
2595,SOAC
2596,SOGO
2597,SOHU
2598,SOI
2599,SOL
2600,SOLO
2601,SOLY
2602,SON
2603,SONO
2604,SONY
2605,SOS
2606,SPB
2607,SPCE
2608,SPFR
2609,SPGI
2610,SPH
2611,SPKE
2612,SPLK
2613,SPNE
2614,SPNS
2615,SPNT
2616,SPNV
2617,SPOK
2618,SPOT
2619,SPPI
2620,SPR
2621,SPRO
2622,SPRQ
2623,SPSC
2624,SPT
2625,SPTN
2626,SPWH
2627,SPWR
2628,SPXC
2629,SQ
2630,SQM
2631,SQNS
2632,SQZ
2633,SR
2634,SRAC
2635,SRCL
2636,SRE
2637,SRGA
2638,SRNE
2639,SRPT
2640,SRRK
2641,SSB
2642,SSD
2643,SSL
2644,SSNC
2645,SSP
2646,SSPK
2647,SSRM
2648,SSSS
2649,SSTK
2650,SSYS
2651,ST
2652,STAA
2653,STBA
2654,STC
2655,STE
2656,STEM
2657,STEP
2658,STG
2659,STIM
2660,STKL
2661,STKS
2662,STL
2663,STLA
2664,STLD
2665,STM
2666,STMP
2667,STNE
2668,STNG
2669,STOK
2670,STON
2671,STRA
2672,STRL
2673,STRO
2674,STT
2675,STTK
2676,STWO
2677,STX
2678,STXS
2679,STZ
2680,SU
2681,SUM
2682,SUMO
2683,SUN
2684,SUNW
2685,SUP
2686,SUPN
2687,SUPV
2688,SURF
2689,SUZ
2690,SV
2691,SVAC
2692,SVM
2693,SVMK
2694,SVRA
2695,SWAV
2696,SWBI
2697,SWCH
2698,SWI
2699,SWIR
2700,SWK
2701,SWKS
2702,SWM
2703,SWN
2704,SWTX
2705,SWX
2706,SXC
2707,SXT
2708,SY
2709,SYBX
2710,SYF
2711,SYK
2712,SYNA
2713,SYNH
2714,SYRS
2715,SYY
2716,T
2717,TA
2718,TAC
2719,TACO
2720,TAK
2721,TAL
2722,TALO
2723,TAP
2724,TAST
2725,TBA
2726,TBBK
2727,TBI
2728,TBIO
2729,TBK
2730,TBPH
2731,TCBI
2732,TCDA
2733,TCF
2734,TCMD
2735,TCOM
2736,TCPC
2737,TCRR
2738,TCS
2739,TD
2740,TDC
2741,TDG
2742,TDOC
2743,TDS
2744,TDW
2745,TDY
2746,TEAM
2747,TECH
2748,TECK
2749,TEDU
2750,TEF
2751,TEL
2752,TELL
2753,TEN
2754,TENB
2755,TEO
2756,TER
2757,TEVA
2758,TEX
2759,TFC
2760,TFFP
2761,TFII
2762,TFSL
2763,TFX
2764,TGB
2765,TGH
2766,TGI
2767,TGLS
2768,TGNA
2769,TGP
2770,TGT
2771,TGTX
2772,TH
2773,THBR
2774,THC
2775,THCA
2776,THCB
2777,THG
2778,THM
2779,THO
2780,THR
2781,THRM
2782,THRY
2783,THS
2784,TIG
2785,TIGR
2786,TILE
2787,TIMB
2788,TIPT
2789,TISI
2790,TITN
2791,TJX
2792,TK
2793,TKAT
2794,TKC
2795,TKR
2796,TLC
2797,TLK
2798,TLMD
2799,TLND
2800,TLRY
2801,TLS
2802,TLSA
2803,TLYS
2804,TM
2805,TMDI
2806,TMDX
2807,TME
2808,TMHC
2809,TMO
2810,TMQ
2811,TMST
2812,TMUS
2813,TMX
2814,TNDM
2815,TNET
2816,TNK
2817,TNL
2818,TNXP
2819,TOL
2820,TOT
2821,TOUR
2822,TOWN
2823,TPB
2824,TPC
2825,TPGY
2826,TPH
2827,TPIC
2828,TPR
2829,TPTX
2830,TPVG
2831,TPX
2832,TR
2833,TRC
2834,TRCH
2835,TREB
2836,TREE
2837,TREX
2838,TRGP
2839,TRHC
2840,TRI
2841,TRIL
2842,TRIP
2843,TRIT
2844,TRMB
2845,TRMK
2846,TRN
2847,TROW
2848,TROX
2849,TRP
2850,TRQ
2851,TRS
2852,TRTN
2853,TRU
2854,TRUE
2855,TRUP
2856,TRV
2857,TRVG
2858,TRVN
2859,TS
2860,TSCO
2861,TSE
2862,TSEM
2863,TSHA
2864,TSIA
2865,TSLA
2866,TSLX
2867,TSM
2868,TSN
2869,TT
2870,TTC
2871,TTCF
2872,TTD
2873,TTEC
2874,TTEK
2875,TTGT
2876,TTI
2877,TTM
2878,TTMI
2879,TTOO
2880,TTWO
2881,TU
2882,TUFN
2883,TUP
2884,TV
2885,TVTX
2886,TVTY
2887,TW
2888,TWCT
2889,TWI
2890,TWLO
2891,TWND
2892,TWNK
2893,TWOU
2894,TWST
2895,TWTR
2896,TX
2897,TXG
2898,TXMD
2899,TXN
2900,TXRH
2901,TXT
2902,TYL
2903,TYME
2904,U
2905,UA
2906,UAA
2907,UAL
2908,UAVS
2909,UBER
2910,UBS
2911,UBSI
2912,UBX
2913,UCBI
2914,UCTT
2915,UEC
2916,UEPS
2917,UFPI
2918,UFS
2919,UGI
2920,UGP
2921,UHS
2922,UIHC
2923,UIS
2924,UK
2925,UL
2926,ULTA
2927,UMBF
2928,UMC
2929,UMPQ
2930,UNFI
2931,UNH
2932,UNM
2933,UNP
2934,UNVR
2935,UONE
2936,UONEK
2937,UPLD
2938,UPS
2939,UPST
2940,UPWK
2941,URBN
2942,URG
2943,URGN
2944,URI
2945,UROY
2946,USAC
2947,USAS
2948,USB
2949,USCR
2950,USFD
2951,USM
2952,USX
2953,UTHR
2954,UTI
2955,UTL
2956,UTZ
2957,UUUU
2958,UVE
2959,UVV
2960,UWMC
2961,UXIN
2962,V
2963,VAC
2964,VACQ
2965,VALE
2966,VAPO
2967,VBIV
2968,VBTX
2969,VC
2970,VCEL
2971,VCRA
2972,VCVC
2973,VCYT
2974,VECO
2975,VEDL
2976,VEEV
2977,VEON
2978,VERI
2979,VERU
2980,VERX
2981,VET
2982,VFC
2983,VFF
2984,VG
2985,VGAC
2986,VGR
2987,VHC
2988,VIAC
2989,VIACA
2990,VIAV
2991,VICR
2992,VIEW
2993,VIH
2994,VIOT
2995,VIPS
2996,VIR
2997,VIRT
2998,VIRX
2999,VIST
3000,VITL
3001,VIV
3002,VIVO
3003,VKTX
3004,VLDR
3005,VLO
3006,VLRS
3007,VLY
3008,VMC
3009,VMD
3010,VMI
3011,VMW
3012,VNDA
3013,VNE
3014,VNET
3015,VNOM
3016,VNRX
3017,VNT
3018,VNTR
3019,VOD
3020,VOXX
3021,VOYA
3022,VRA
3023,VRAY
3024,VREX
3025,VRM
3026,VRNS
3027,VRNT
3028,VRRM
3029,VRS
3030,VRSK
3031,VRSN
3032,VRT
3033,VRTV
3034,VRTX
3035,VSAT
3036,VSH
3037,VST
3038,VSTA
3039,VSTM
3040,VSTO
3041,VTGN
3042,VTNR
3043,VTOL
3044,VTRS
3045,VTVT
3046,VUZI
3047,VVNT
3048,VVV
3049,VXRT
3050,VYNE
3051,VZ
3052,W
3053,WAB
3054,WAFD
3055,WAL
3056,WAT
3057,WATT
3058,WB
3059,WBA
3060,WBS
3061,WBT
3062,WCC
3063,WCN
3064,WD
3065,WDAY
3066,WDC
3067,WEC
3068,WEN
3069,WERN
3070,WES
3071,WETF
3072,WEX
3073,WFC
3074,WFG
3075,WGO
3076,WH
3077,WHD
3078,WHR
3079,WIMI
3080,WING
3081,WISH
3082,WIT
3083,WIX
3084,WK
3085,WKEY
3086,WKHS
3087,WLK
3088,WLL
3089,WLTW
3090,WM
3091,WMB
3092,WMG
3093,WMS
3094,WMT
3095,WNC
3096,WNS
3097,WOOF
3098,WOR
3099,WORK
3100,WOW
3101,WPF
3102,WPM
3103,WPRT
3104,WRAP
3105,WRB
3106,WRK
3107,WRN
3108,WSBC
3109,WSC
3110,WSFS
3111,WSM
3112,WSO
3113,WST
3114,WTFC
3115,WTI
3116,WTRG
3117,WTRH
3118,WTS
3119,WTTR
3120,WU
3121,WVE
3122,WW
3123,WWD
3124,WWE
3125,WWW
3126,WYNN
3127,X
3128,XEC
3129,XEL
3130,XENE
3131,XENT
3132,XERS
3133,XFOR
3134,XL
3135,XLNX
3136,XLRN
3137,XNCR
3138,XNET
3139,XOG
3140,XOM
3141,XONE
3142,XP
3143,XPEL
3144,XPER
3145,XPEV
3146,XPO
3147,XPOA
3148,XRAY
3149,XRX
3150,XXII
3151,XYL
3152,YALA
3153,YELL
3154,YELP
3155,YETI
3156,YEXT
3157,YI
3158,YJ
3159,YMAB
3160,YNDX
3161,YPF
3162,YQ
3163,YSG
3164,YUM
3165,YUMC
3166,YY
3167,Z
3168,ZBH
3169,ZBRA
3170,ZDGE
3171,ZEN
3172,ZEPP
3173,ZEUS
3174,ZEV
3175,ZG
3176,ZGNX
3177,ZI
3178,ZION
3179,ZIOP
3180,ZIXI
3181,ZLAB
3182,ZM
3183,ZNGA
3184,ZNTE
3185,ZNTL
3186,ZOM
3187,ZS
3188,ZTO
3189,ZTS
3190,ZUMZ
3191,ZUO
3192,ZYME
3193,ZYNE
3194,ZYXI
